id,first_name,last_name,email,gender,ip_address
1,Abby,Baish,abaish0@acquirethisname.com,Male,239.249.145.242
2,Lawrence,Haggath,lhaggath1@taobao.com,Male,93.85.124.18
3,Arron,Gaynesford,agaynesford2@cmu.edu,Male,201.109.26.78
4,Jamie,Phripp,jphripp3@tiny.cc,Male,223.18.234.49
5,Crin,Raubenheim,craubenheim4@dailymotion.com,Female,156.255.125.16
6,Fitz,Railton,frailton5@nature.com,Male,185.112.122.5
7,Trudy,Northeast,tnortheast6@example.com,Female,34.113.113.217
8,Dean,Schubert,dschubert7@vk.com,Male,63.223.245.239
9,Rozanna,McMakin,rmcmakin8@jalbum.net,Female,168.154.162.49
10,Shurlocke,Benion,sbenion9@buzzfeed.com,Male,196.123.35.47
11,Trev,Vokins,tvokinsa@networksolutions.com,Male,236.155.138.204
12,Feliza,Doncaster,fdoncasterb@ibm.com,Female,91.143.209.0
13,Christophe,Condict,ccondictc@weather.com,Male,246.74.73.74
14,Loren,Stockings,lstockingsd@miitbeian.gov.cn,Female,63.198.199.135
15,Fredra,Keeler,fkeelere@un.org,Female,137.153.38.252
16,Artair,Joselin,ajoselinf@foxnews.com,Male,192.253.219.206
17,Morris,Hanshawe,mhanshaweg@salon.com,Male,103.144.177.28
18,Jan,Braz,jbrazh@comcast.net,Female,186.229.207.131
19,Rosalinda,Dudenie,rdudeniei@theglobeandmail.com,Female,140.186.142.67
20,Karlik,Esselen,kesselenj@fotki.com,Male,102.134.76.185
21,Orran,Do Rosario,odorosariok@blogspot.com,Male,187.146.199.109
22,Matilda,Gorvette,mgorvettel@cafepress.com,Female,253.86.180.48
23,Roley,Cornuau,rcornuaum@gizmodo.com,Male,207.73.214.128
24,Augustus,Fallows,afallowsn@nature.com,Male,101.85.127.118
25,Morton,Garatty,mgarattyo@networksolutions.com,Male,204.207.209.199
26,Giusto,Knowles,gknowlesp@instagram.com,Male,17.70.171.199
27,Darcy,Gouck,dgouckq@imgur.com,Female,3.238.153.51
28,Jesse,Deddum,jdeddumr@psu.edu,Male,171.240.207.11
29,Debbi,Lewsie,dlewsies@pagesperso-orange.fr,Female,32.207.228.14
30,Beverly,Hurley,bhurleyt@ucoz.ru,Female,185.56.191.224
31,Ingra,Mayer,imayeru@who.int,Male,149.237.84.121
32,Fidel,Winteringham,fwinteringhamv@wp.com,Male,195.72.44.39
33,Heall,Trathen,htrathenw@youtube.com,Male,89.2.249.90
34,Jermaine,Coult,jcoultx@wix.com,Male,79.57.30.36
35,Amabel,Hinks,ahinksy@craigslist.org,Female,25.110.210.100
36,Anjela,Morales,amoralesz@prnewswire.com,Female,22.48.20.54
37,Sandor,Shenton,sshenton10@dion.ne.jp,Male,219.166.3.185
38,Nobe,Langwade,nlangwade11@time.com,Male,97.150.172.185
39,Fayre,Dunphie,fdunphie12@goo.ne.jp,Female,71.85.226.242
40,Diane,Woodroffe,dwoodroffe13@artisteer.com,Female,250.177.200.171
41,Marie-ann,Brunon,mbrunon14@bbc.co.uk,Female,220.151.20.114
42,Sancho,Baradel,sbaradel15@wsj.com,Male,19.167.56.102
43,Paco,Vecard,pvecard16@salon.com,Male,56.224.239.150
44,Calvin,Aldiss,caldiss17@sourceforge.net,Male,199.176.155.240
45,Guss,Streight,gstreight18@bandcamp.com,Male,93.46.176.78
46,Natasha,Ferrers,nferrers19@taobao.com,Female,240.184.17.155
47,Tully,Coot,tcoot1a@qq.com,Male,241.66.145.83
48,Suzi,Meriot,smeriot1b@hostgator.com,Female,65.129.55.101
49,Lelia,Puckey,lpuckey1c@cbc.ca,Female,128.174.37.72
50,Darell,Lindermann,dlindermann1d@theglobeandmail.com,Female,161.138.255.233
51,Levy,Ragbourn,lragbourn1e@t.co,Male,68.199.170.75
52,Laure,Jerram,ljerram1f@springer.com,Female,141.16.180.55
53,Tallie,Meneux,tmeneux1g@elpais.com,Male,32.65.41.208
54,Bethanne,Root,broot1h@shinystat.com,Female,150.140.58.103
55,Pauletta,Evamy,pevamy1i@networkadvertising.org,Female,36.194.55.11
56,Gaye,Ortner,gortner1j@liveinternet.ru,Female,75.174.110.5
57,Andrus,Gabbatiss,agabbatiss1k@army.mil,Male,87.121.102.81
58,Sylvia,Brunning,sbrunning1l@cocolog-nifty.com,Female,146.86.213.100
59,Chick,Bahde,cbahde1m@yellowpages.com,Male,2.11.13.59
60,Giovanna,Tomasik,gtomasik1n@apple.com,Female,100.99.110.209
61,Jammie,Hatley,jhatley1o@deliciousdays.com,Female,126.124.2.253
62,Angelia,Petera,apetera1p@irs.gov,Female,214.164.219.94
63,Ginger,Jacobson,gjacobson1q@cam.ac.uk,Female,54.244.149.48
64,Leese,Fairbrass,lfairbrass1r@chron.com,Female,67.221.210.88
65,Hynda,Gravy,hgravy1s@scientificamerican.com,Female,242.18.37.175
66,Bertie,Bier,bbier1t@github.com,Male,3.169.182.201
67,Laetitia,Harlock,lharlock1u@cmu.edu,Female,3.74.150.210
68,Gloria,Crocker,gcrocker1v@e-recht24.de,Female,252.167.11.82
69,Hilton,Sivior,hsivior1w@woothemes.com,Male,75.139.214.115
70,Wilie,Forsdike,wforsdike1x@addtoany.com,Female,7.138.15.123
71,Alaine,O'Docherty,aodocherty1y@oracle.com,Female,245.92.129.202
72,Alastair,Yablsley,ayablsley1z@flavors.me,Male,163.215.159.206
73,Sabra,Wallis,swallis20@prweb.com,Female,216.159.199.104
74,Shawn,Boddy,sboddy21@purevolume.com,Male,227.202.194.193
75,Gasper,Whitlock,gwhitlock22@biblegateway.com,Male,58.234.7.9
76,Jeffie,Pomphrett,jpomphrett23@gravatar.com,Male,95.111.34.158
77,Mateo,Donan,mdonan24@prnewswire.com,Male,75.111.236.138
78,Symon,Mattinson,smattinson25@princeton.edu,Male,112.85.44.107
79,Zaneta,Gadman,zgadman26@wired.com,Female,155.97.237.167
80,Kenon,McGloin,kmcgloin27@mozilla.org,Male,192.114.113.88
81,Thor,Lodge,tlodge28@booking.com,Male,93.165.194.124
82,Wendy,Broader,wbroader29@shop-pro.jp,Female,0.104.6.167
83,Alysia,Cromar,acromar2a@imgur.com,Female,57.254.113.251
84,Tabatha,Raden,traden2b@engadget.com,Female,106.20.25.1
85,Sandro,Sheaf,ssheaf2c@google.co.uk,Male,2.27.52.206
86,Clayton,Kasper,ckasper2d@webeden.co.uk,Male,174.249.7.161
87,Bern,Rickeard,brickeard2e@gov.uk,Male,158.168.26.44
88,Malinde,Bulluck,mbulluck2f@dagondesign.com,Female,17.104.61.55
89,Angie,Poile,apoile2g@icq.com,Female,144.159.163.200
90,Koenraad,Reims,kreims2h@instagram.com,Male,232.183.209.93
91,Dicky,Rubinow,drubinow2i@sciencedirect.com,Male,251.151.137.223
92,Binny,Dagg,bdagg2j@nba.com,Female,181.246.115.247
93,Erhard,Dallander,edallander2k@discuz.net,Male,159.208.235.236
94,Bebe,Blance,bblance2l@nhs.uk,Female,149.250.226.255
95,Toiboid,Plet,tplet2m@tamu.edu,Male,33.67.226.188
96,Arlan,Pole,apole2n@cornell.edu,Male,64.67.161.43
97,Maxie,Brockhurst,mbrockhurst2o@wufoo.com,Female,144.12.244.31
98,Elijah,Guihen,eguihen2p@posterous.com,Male,85.101.25.116
99,Flory,McInulty,fmcinulty2q@walmart.com,Female,225.144.135.117
100,Callida,Walster,cwalster2r@si.edu,Female,115.61.202.180
101,Concordia,Kmiec,ckmiec2s@wordpress.org,Female,205.20.195.114
102,Aguistin,Prestige,aprestige2t@infoseek.co.jp,Male,29.139.134.213
103,Aaren,Abramski,aabramski2u@amazonaws.com,Female,190.79.52.196
104,Albertina,Curbishley,acurbishley2v@engadget.com,Female,183.226.58.225
105,Tripp,Klaff,tklaff2w@unc.edu,Male,19.226.56.77
106,Benita,Francescoccio,bfrancescoccio2x@wired.com,Female,152.1.70.230
107,Hagen,Behr,hbehr2y@chronoengine.com,Male,209.13.51.103
108,Dottie,Lyffe,dlyffe2z@home.pl,Female,142.139.182.236
109,Gwyneth,Grindley,ggrindley30@google.ca,Female,56.20.140.6
110,Amelina,Kinnon,akinnon31@ning.com,Female,179.176.231.35
111,Sayers,Rance,srance32@wufoo.com,Male,157.102.245.189
112,Byram,Dobrovolski,bdobrovolski33@bbb.org,Male,119.38.6.244
113,Kacie,Emlyn,kemlyn34@reuters.com,Female,217.123.196.158
114,Joela,Cleaton,jcleaton35@yahoo.com,Female,143.192.234.148
115,Say,Barroux,sbarroux36@shinystat.com,Male,193.56.10.59
116,Umeko,Hellwing,uhellwing37@godaddy.com,Female,43.255.126.201
117,Barth,Viscovi,bviscovi38@sina.com.cn,Male,129.43.39.34
118,Cicely,Skitral,cskitral39@istockphoto.com,Female,108.81.134.189
119,Sidney,Parke,sparke3a@earthlink.net,Male,72.94.0.91
120,Stillmann,Petyanin,spetyanin3b@si.edu,Male,192.100.201.187
121,Jo-ann,Murra,jmurra3c@hhs.gov,Female,10.75.77.16
122,Anetta,Arnolds,aarnolds3d@unc.edu,Female,172.7.195.207
123,Nataniel,O'Shirine,noshirine3e@ucoz.ru,Male,25.37.137.139
124,Reine,Desaur,rdesaur3f@canalblog.com,Female,122.198.113.225
125,Vida,Finkle,vfinkle3g@mail.ru,Female,135.106.70.209
126,Cecilia,Rosberg,crosberg3h@trellian.com,Female,14.92.164.153
127,Ariella,Jacmar,ajacmar3i@dagondesign.com,Female,183.136.181.139
128,Ginger,Weldrake,gweldrake3j@wikimedia.org,Male,202.102.105.189
129,Jayme,Filipiak,jfilipiak3k@about.com,Male,108.119.191.79
130,Avictor,Tebbs,atebbs3l@mac.com,Male,76.185.62.196
131,Elonore,Cubbini,ecubbini3m@51.la,Female,134.9.78.229
132,Jacklyn,Hould,jhould3n@usa.gov,Female,99.220.79.178
133,Tab,Cogle,tcogle3o@feedburner.com,Male,141.38.196.23
134,Aila,Lummasana,alummasana3p@weather.com,Female,141.247.24.154
135,Larine,Bottelstone,lbottelstone3q@virginia.edu,Female,126.212.82.190
136,Tobe,Muirden,tmuirden3r@guardian.co.uk,Male,51.0.121.207
137,Adelice,Peto,apeto3s@cisco.com,Female,105.20.121.159
138,Sonny,Ghiriardelli,sghiriardelli3t@mac.com,Female,13.129.181.87
139,Dena,Chestle,dchestle3u@blogtalkradio.com,Female,176.6.195.154
140,Fielding,McKevany,fmckevany3v@pagesperso-orange.fr,Male,30.5.28.224
141,Matty,Halliwell,mhalliwell3w@merriam-webster.com,Female,100.219.54.234
142,Tore,Peeke-Vout,tpeekevout3x@istockphoto.com,Male,224.161.252.196
143,Ailey,Napton,anapton3y@oaic.gov.au,Female,29.234.175.51
144,Veda,Parris,vparris3z@nytimes.com,Female,183.126.110.85
145,Marlyn,Copes,mcopes40@dedecms.com,Female,242.109.63.230
146,Karol,Levene,klevene41@squidoo.com,Female,250.75.247.101
147,Anthiathia,Ruger,aruger42@twitpic.com,Female,191.1.194.73
148,Piggy,Askew,paskew43@mozilla.com,Male,220.202.95.25
149,Cullen,Whiskin,cwhiskin44@mozilla.com,Male,176.219.80.196
150,Palmer,Wallege,pwallege45@howstuffworks.com,Male,59.229.130.237
151,Griz,Screaton,gscreaton46@acquirethisname.com,Male,209.90.170.227
152,Mikael,Rayment,mrayment47@amazon.co.jp,Male,96.58.76.210
153,Cullie,Yokley,cyokley48@creativecommons.org,Male,118.163.90.141
154,Rockwell,Zink,rzink49@stumbleupon.com,Male,130.180.243.223
155,Ira,Emeney,iemeney4a@t-online.de,Female,250.72.183.0
156,Salomon,Maiklem,smaiklem4b@washingtonpost.com,Male,121.75.39.27
157,Florry,Duxbarry,fduxbarry4c@businessweek.com,Female,102.97.25.77
158,Shane,Cobson,scobson4d@typepad.com,Female,11.102.190.134
159,Richard,Boggis,rboggis4e@dropbox.com,Male,150.113.111.48
160,Ola,Batchelour,obatchelour4f@gmpg.org,Female,76.214.195.74
161,Ezechiel,Gobeau,egobeau4g@scientificamerican.com,Male,12.111.134.8
162,Derick,Hustings,dhustings4h@howstuffworks.com,Male,110.250.84.78
163,Arline,Girodias,agirodias4i@upenn.edu,Female,107.206.59.3
164,Lotty,Dugdale,ldugdale4j@cisco.com,Female,127.246.23.77
165,Baily,Goodbourn,bgoodbourn4k@wordpress.com,Male,96.167.195.42
166,Marjory,Olyet,molyet4l@dell.com,Female,212.132.0.206
167,Tommie,Alexsandrowicz,talexsandrowicz4m@naver.com,Female,133.62.94.188
168,Kendal,Johnys,kjohnys4n@wix.com,Male,190.6.226.52
169,Kim,Franken,kfranken4o@last.fm,Female,177.55.235.223
170,Zaccaria,Creaser,zcreaser4p@imdb.com,Male,227.46.80.200
171,Margie,Crumpton,mcrumpton4q@state.gov,Female,59.240.20.0
172,Lutero,Turbern,lturbern4r@wunderground.com,Male,151.90.99.90
173,Skell,Readmire,sreadmire4s@so-net.ne.jp,Male,80.141.182.61
174,Alanson,Brockhurst,abrockhurst4t@nasa.gov,Male,101.173.170.140
175,Shepperd,Week,sweek4u@hugedomains.com,Male,206.13.84.40
176,Cliff,de Pinna,cdepinna4v@archive.org,Male,64.234.229.245
177,Kasper,Dilke,kdilke4w@imgur.com,Male,123.120.50.190
178,Sarajane,Cursey,scursey4x@oakley.com,Female,212.44.125.172
179,Marj,Honatsch,mhonatsch4y@europa.eu,Female,255.69.221.11
180,Lulu,Stollery,lstollery4z@google.com,Female,83.178.235.18
181,Ailsun,Bennet,abennet50@baidu.com,Female,115.84.39.157
182,Rog,Geddes,rgeddes51@weather.com,Male,15.193.47.87
183,Emmye,MacNockater,emacnockater52@hhs.gov,Female,157.161.172.193
184,Bennett,Leeman,bleeman53@slashdot.org,Male,124.54.22.14
185,Wanda,Kairns,wkairns54@ft.com,Female,2.159.227.124
186,Stevy,MacCurtain,smaccurtain55@netscape.com,Male,138.169.51.154
187,Valli,Palmar,vpalmar56@godaddy.com,Female,229.99.152.11
188,Cherri,Leftly,cleftly57@shareasale.com,Female,1.24.58.218
189,Norbie,Sore,nsore58@1und1.de,Male,84.26.185.164
190,Samuele,Gravett,sgravett59@wikimedia.org,Male,118.16.61.181
191,Wilfrid,Paty,wpaty5a@usnews.com,Male,252.99.211.211
192,Beryle,Vear,bvear5b@domainmarket.com,Female,205.22.99.34
193,Noll,Bolter,nbolter5c@samsung.com,Male,81.156.80.194
194,Land,Patrickson,lpatrickson5d@edublogs.org,Male,142.44.133.14
195,Baxy,Warham,bwarham5e@soundcloud.com,Male,98.12.122.100
196,Addi,Spalding,aspalding5f@creativecommons.org,Female,84.3.67.48
197,Ellsworth,Jozef,ejozef5g@home.pl,Male,30.84.30.77
198,Lorene,Sacker,lsacker5h@slideshare.net,Female,197.41.101.79
199,Brennan,Pedrazzi,bpedrazzi5i@jiathis.com,Male,38.34.76.208
200,Tonye,Champneys,tchampneys5j@walmart.com,Female,213.85.205.22
201,Gage,Wind,gwind5k@twitpic.com,Male,134.198.126.67
202,Todd,Hanhardt,thanhardt5l@ucla.edu,Male,199.13.236.40
203,Roze,Donisthorpe,rdonisthorpe5m@ox.ac.uk,Female,71.185.15.199
204,Bartram,Keeney,bkeeney5n@marketwatch.com,Male,4.219.27.251
205,Christos,Atherley,catherley5o@aol.com,Male,72.214.3.105
206,Ermin,Light,elight5p@tamu.edu,Male,93.207.73.162
207,Guendolen,Beaze,gbeaze5q@miibeian.gov.cn,Female,99.52.57.212
208,Dennison,Sherlock,dsherlock5r@mit.edu,Male,117.194.13.75
209,Vivianna,Ackroyd,vackroyd5s@w3.org,Female,187.0.216.206
210,Josee,Hillyatt,jhillyatt5t@networkadvertising.org,Female,228.178.242.229
211,Sheppard,Buttress,sbuttress5u@guardian.co.uk,Male,44.156.252.150
212,Dore,Quinsee,dquinsee5v@virginia.edu,Female,49.170.65.65
213,Yvor,Felix,yfelix5w@istockphoto.com,Male,222.143.165.136
214,Alistair,Bothie,abothie5x@quantcast.com,Male,89.230.50.218
215,Ambrosio,Joselevitch,ajoselevitch5y@1688.com,Male,132.254.67.249
216,Yuma,Halton,yhalton5z@house.gov,Male,77.157.98.148
217,Gabbey,Stell,gstell60@bandcamp.com,Female,253.84.182.99
218,Marji,Cheverell,mcheverell61@mtv.com,Female,196.187.255.153
219,Leora,Daelman,ldaelman62@cdc.gov,Female,66.117.62.116
220,Tally,Sorton,tsorton63@cdbaby.com,Female,137.106.226.111
221,Zea,Kropp,zkropp64@google.it,Female,184.51.85.63
222,Tuck,Pittway,tpittway65@mayoclinic.com,Male,120.22.145.119
223,Gillie,Cahen,gcahen66@vinaora.com,Female,123.84.199.248
224,Dedie,Belfelt,dbelfelt67@telegraph.co.uk,Female,105.205.83.250
225,Carleton,Aleksich,caleksich68@ted.com,Male,104.114.61.20
226,Norris,Punshon,npunshon69@usgs.gov,Male,163.44.174.134
227,Christoffer,Ivanichev,civanichev6a@uiuc.edu,Male,70.74.141.139
228,Zacharia,Ensten,zensten6b@over-blog.com,Male,172.25.119.246
229,Phip,Pierri,ppierri6c@statcounter.com,Male,180.154.123.204
230,Putnam,Bellingham,pbellingham6d@dell.com,Male,21.148.131.164
231,Clementia,Touson,ctouson6e@myspace.com,Female,215.215.227.182
232,Onofredo,Foulds,ofoulds6f@ucoz.ru,Male,195.87.177.122
233,Suzi,Gratrex,sgratrex6g@taobao.com,Female,18.145.222.20
234,Mignon,Mallatratt,mmallatratt6h@upenn.edu,Female,255.242.11.218
235,Dale,Granville,dgranville6i@ucoz.ru,Male,94.26.215.209
236,Zilvia,Besson,zbesson6j@newyorker.com,Female,205.40.13.213
237,Elton,McDonnell,emcdonnell6k@oakley.com,Male,73.80.19.233
238,Carlyle,Bontoft,cbontoft6l@washington.edu,Male,121.142.35.1
239,Theressa,Water,twater6m@cyberchimps.com,Female,39.165.3.32
240,Clemmy,Dye,cdye6n@oakley.com,Female,45.250.225.0
241,Rutherford,Edgerley,redgerley6o@scribd.com,Male,193.33.6.235
242,Quinn,Coleby,qcoleby6p@nymag.com,Female,252.165.11.190
243,Nicole,Flips,nflips6q@hubpages.com,Female,197.187.116.214
244,Cornall,Towlson,ctowlson6r@meetup.com,Male,37.73.95.216
245,Virgil,Phinnis,vphinnis6s@nbcnews.com,Male,166.187.67.185
246,Hamid,Seleway,hseleway6t@imageshack.us,Male,37.5.249.179
247,Laird,Bramham,lbramham6u@house.gov,Male,175.223.163.197
248,Marina,Strathern,mstrathern6v@reference.com,Female,77.33.255.185
249,Nata,Gerssam,ngerssam6w@fda.gov,Female,184.61.11.202
250,Kizzie,Agdahl,kagdahl6x@issuu.com,Female,143.212.70.13
251,Kat,Hannibal,khannibal6y@mlb.com,Female,169.82.211.218
252,Delly,Braysher,dbraysher6z@xinhuanet.com,Female,223.169.202.45
253,Geoff,Ianittello,gianittello70@bravesites.com,Male,42.169.59.119
254,Ellery,McArtan,emcartan71@mac.com,Male,98.255.108.172
255,Rene,Olechnowicz,rolechnowicz72@free.fr,Female,222.222.153.154
256,Walther,Diggle,wdiggle73@purevolume.com,Male,47.164.59.86
257,Obadias,Northeast,onortheast74@si.edu,Male,84.56.209.8
258,Enos,Essex,eessex75@disqus.com,Male,141.217.144.112
259,Randa,Staite,rstaite76@vkontakte.ru,Female,29.108.219.192
260,Korella,Harty,kharty77@newsvine.com,Female,132.234.39.193
261,Marley,Giacometti,mgiacometti78@multiply.com,Female,92.174.183.147
262,Cedric,Cogin,ccogin79@163.com,Male,142.49.229.233
263,Nicholle,Itzakson,nitzakson7a@tumblr.com,Female,26.215.186.232
264,Nickolas,Wessel,nwessel7b@edublogs.org,Male,123.88.182.51
265,Ansley,Spincke,aspincke7c@discovery.com,Female,254.229.13.112
266,Banky,Ricart,bricart7d@deliciousdays.com,Male,92.11.224.58
267,Barr,Lagden,blagden7e@comcast.net,Male,56.149.46.192
268,Emili,Deniscke,edeniscke7f@jugem.jp,Female,137.12.234.127
269,Stanwood,Shoulder,sshoulder7g@about.com,Male,146.44.82.214
270,Patrice,Hatzar,phatzar7h@slashdot.org,Male,208.129.207.144
271,Tracey,Salzburg,tsalzburg7i@ask.com,Male,87.87.171.25
272,Lucias,Flatley,lflatley7j@w3.org,Male,84.186.21.178
273,Rudolph,Gall,rgall7k@gmpg.org,Male,199.250.216.203
274,Erek,Coaten,ecoaten7l@php.net,Male,237.180.122.154
275,Philippe,Makepeace,pmakepeace7m@nature.com,Female,126.32.214.191
276,Nicolis,Bosket,nbosket7n@linkedin.com,Male,39.225.72.164
277,Shepperd,Ledward,sledward7o@shutterfly.com,Male,183.41.104.189
278,Katee,Pesak,kpesak7p@archive.org,Female,145.166.147.164
279,Shelba,Rallinshaw,srallinshaw7q@hud.gov,Female,90.38.100.243
280,Berkeley,Bresnahan,bbresnahan7r@sakura.ne.jp,Male,166.101.113.80
281,Mortie,Dundredge,mdundredge7s@hubpages.com,Male,47.191.70.217
282,Chastity,Canceller,ccanceller7t@cbsnews.com,Female,211.56.42.229
283,Rita,Cumber,rcumber7u@tripod.com,Female,141.240.104.223
284,Elora,Pellew,epellew7v@drupal.org,Female,37.223.2.125
285,Irita,Coffee,icoffee7w@mayoclinic.com,Female,3.175.191.254
286,Lew,Mitchelmore,lmitchelmore7x@shop-pro.jp,Male,127.6.171.79
287,Fabien,Franceschi,ffranceschi7y@engadget.com,Male,109.213.133.202
288,Caty,Fidoe,cfidoe7z@indiatimes.com,Female,173.75.162.62
289,Kevan,Blackney,kblackney80@zdnet.com,Male,68.20.198.68
290,Melissa,Bysouth,mbysouth81@guardian.co.uk,Female,239.87.144.105
291,Antoni,Fontel,afontel82@nps.gov,Male,86.22.46.2
292,Collin,Patrie,cpatrie83@google.fr,Male,26.84.137.154
293,Melessa,De Zamudio,mdezamudio84@apple.com,Female,215.139.46.39
294,Krishna,Merigon,kmerigon85@newyorker.com,Male,67.108.193.229
295,Odelia,Sussems,osussems86@reuters.com,Female,123.134.116.84
296,Anet,Erbain,aerbain87@mapquest.com,Female,2.2.209.213
297,Tudor,Deniske,tdeniske88@addthis.com,Male,142.139.223.234
298,Nicoli,Duly,nduly89@wisc.edu,Female,200.104.38.92
299,Byran,Donnachie,bdonnachie8a@unesco.org,Male,86.111.202.78
300,Lemmy,Meade,lmeade8b@live.com,Male,222.138.219.113
301,Trefor,Slopier,tslopier8c@typepad.com,Male,229.47.97.147
302,Francois,Sandcroft,fsandcroft8d@intel.com,Male,186.174.42.65
303,Bess,Robbey,brobbey8e@oakley.com,Female,9.151.218.64
304,Talia,Cocke,tcocke8f@mit.edu,Female,119.38.236.32
305,Olimpia,Runcieman,oruncieman8g@symantec.com,Female,76.227.222.235
306,Mandy,Parken,mparken8h@illinois.edu,Female,102.249.146.155
307,Dre,Olley,dolley8i@sbwire.com,Female,221.68.216.206
308,Harwilll,Dahmel,hdahmel8j@yellowpages.com,Male,10.250.163.218
309,Blane,Yatman,byatman8k@fotki.com,Male,16.207.253.169
310,Marlow,Caiger,mcaiger8l@usda.gov,Male,184.122.193.104
311,Gottfried,Osbaldeston,gosbaldeston8m@gmpg.org,Male,141.30.102.218
312,Richy,Wrettum,rwrettum8n@ask.com,Male,156.86.160.78
313,Lonny,Yushachkov,lyushachkov8o@topsy.com,Male,23.29.119.214
314,Meg,Julien,mjulien8p@pagesperso-orange.fr,Female,137.223.143.144
315,Mella,Cockshut,mcockshut8q@dropbox.com,Female,45.202.77.169
316,Fernandina,Pre,fpre8r@mediafire.com,Female,44.3.65.196
317,Jere,Lichtfoth,jlichtfoth8s@meetup.com,Male,76.62.220.237
318,Courtnay,Daly,cdaly8t@digg.com,Male,103.176.14.15
319,Ranique,Lovie,rlovie8u@samsung.com,Female,37.254.204.175
320,Jacqui,Tingey,jtingey8v@quantcast.com,Female,114.100.96.164
321,Andrus,Cassimer,acassimer8w@arizona.edu,Male,199.34.10.78
322,Gaelan,Planks,gplanks8x@answers.com,Male,249.174.218.40
323,Penny,Warmisham,pwarmisham8y@mediafire.com,Female,222.81.107.194
324,Quinn,Murby,qmurby8z@umn.edu,Female,223.81.82.181
325,Pooh,Phaup,pphaup90@1und1.de,Female,206.32.44.221
326,Panchito,Theuss,ptheuss91@opera.com,Male,228.29.216.192
327,Grethel,Delhanty,gdelhanty92@economist.com,Female,167.135.78.111
328,Derick,Milson,dmilson93@columbia.edu,Male,123.90.42.98
329,Trevar,Penlington,tpenlington94@virginia.edu,Male,93.113.228.180
330,Glory,Pettendrich,gpettendrich95@bloglines.com,Female,48.17.44.172
331,Nananne,Gales,ngales96@amazonaws.com,Female,140.97.202.15
332,Hillyer,Phizackerly,hphizackerly97@edublogs.org,Male,154.89.118.250
333,Gaby,Roly,groly98@diigo.com,Female,106.247.143.98
334,Pearl,Bahia,pbahia99@imgur.com,Female,77.67.154.146
335,Angelina,Sushams,asushams9a@unc.edu,Female,39.84.216.143
336,Cele,Forrington,cforrington9b@live.com,Female,58.3.31.159
337,Mariam,Perigoe,mperigoe9c@tuttocitta.it,Female,86.116.61.42
338,Cherey,Burgen,cburgen9d@foxnews.com,Female,85.157.174.160
339,Ketty,Burghall,kburghall9e@buzzfeed.com,Female,63.173.186.53
340,Pearline,Peplow,ppeplow9f@geocities.com,Female,68.139.163.40
341,Codi,Grute,cgrute9g@comsenz.com,Male,143.131.211.127
342,Welsh,McElmurray,wmcelmurray9h@indiegogo.com,Male,198.8.194.30
343,Keefe,Gommey,kgommey9i@apple.com,Male,48.208.28.9
344,Rennie,Allom,rallom9j@xinhuanet.com,Female,234.4.49.165
345,Felipa,Rowlson,frowlson9k@feedburner.com,Female,203.62.70.145
346,Preston,Uzelli,puzelli9l@liveinternet.ru,Male,102.179.245.33
347,Emmaline,Mateos,emateos9m@clickbank.net,Female,97.238.104.172
348,Domenico,Northedge,dnorthedge9n@php.net,Male,59.20.13.1
349,Rosalind,Jaffa,rjaffa9o@simplemachines.org,Female,102.78.168.48
350,Waiter,Cromley,wcromley9p@wikispaces.com,Male,15.216.39.95
351,Dorelle,Morby,dmorby9q@gnu.org,Female,154.117.252.166
352,Gayla,Escalero,gescalero9r@slashdot.org,Female,167.247.252.251
353,Nissy,Tilburn,ntilburn9s@ebay.co.uk,Female,33.163.123.2
354,Buiron,Plover,bplover9t@oakley.com,Male,63.92.35.189
355,Gladi,Hambelton,ghambelton9u@com.com,Female,74.106.37.52
356,Lambert,Basketfield,lbasketfield9v@ed.gov,Male,8.17.199.143
357,Dav,McSorley,dmcsorley9w@w3.org,Male,81.225.69.49
358,Joeann,Sargeaunt,jsargeaunt9x@livejournal.com,Female,36.141.193.214
359,Izak,Osboldstone,iosboldstone9y@aol.com,Male,11.97.146.65
360,Tessi,Martynikhin,tmartynikhin9z@surveymonkey.com,Female,180.25.220.218
361,Gustie,Sawers,gsawersa0@webs.com,Female,145.46.129.200
362,Collin,Batman,cbatmana1@europa.eu,Male,46.83.170.254
363,Robyn,Caghy,rcaghya2@weather.com,Female,160.111.129.117
364,Lira,Crampsy,lcrampsya3@prlog.org,Female,64.233.30.9
365,Darrel,Peret,dpereta4@ocn.ne.jp,Male,66.142.151.246
366,Lory,Wickett,lwicketta5@joomla.org,Female,77.142.95.142
367,Armand,Lawling,alawlinga6@goodreads.com,Male,252.201.72.190
368,Astrid,Shah,ashaha7@si.edu,Female,233.135.233.93
369,Meade,Sigars,msigarsa8@whitehouse.gov,Female,26.164.246.45
370,Levon,Peat,lpeata9@myspace.com,Male,129.111.90.164
371,Loutitia,Luebbert,lluebbertaa@mlb.com,Female,72.53.115.133
372,Emanuel,Cholmondeley,echolmondeleyab@lulu.com,Male,152.232.238.213
373,Teriann,Ellicott,tellicottac@ebay.com,Female,8.230.248.249
374,Hedwig,Cluelow,hcluelowad@dropbox.com,Female,184.65.113.252
375,Kerry,Wadly,kwadlyae@spiegel.de,Male,65.232.48.242
376,Stavro,Knowler,sknowleraf@hud.gov,Male,105.98.131.220
377,Margery,Reffe,mreffeag@soup.io,Female,77.19.108.200
378,Elbertine,Khidr,ekhidrah@bravesites.com,Female,158.210.170.202
379,Melodee,Bushby,mbushbyai@artisteer.com,Female,182.51.212.108
380,Glen,Edgecombe,gedgecombeaj@g.co,Male,86.246.239.36
381,Mikol,Fenning,mfenningak@google.com.hk,Male,86.45.109.204
382,Marlee,Feltham,mfelthamal@marriott.com,Female,111.60.29.43
383,Neddy,Search,nsearcham@csmonitor.com,Male,90.230.23.195
384,Ray,Jouhning,rjouhningan@ftc.gov,Female,251.218.200.49
385,Greer,Alves,galvesao@gmpg.org,Female,230.207.255.164
386,Cyril,Sketchley,csketchleyap@engadget.com,Male,178.250.182.84
387,Welch,Adam,wadamaq@livejournal.com,Male,164.236.110.34
388,Jayme,Shavel,jshavelar@goo.ne.jp,Female,93.73.188.228
389,Ellyn,Waterstone,ewaterstoneas@engadget.com,Female,160.25.109.152
390,Wilhelmine,Roskelly,wroskellyat@issuu.com,Female,154.228.185.30
391,Kelby,Gillmor,kgillmorau@live.com,Male,38.244.207.127
392,Inigo,Tungay,itungayav@japanpost.jp,Male,179.164.19.26
393,Deborah,Chilles,dchillesaw@noaa.gov,Female,164.54.3.175
394,Niall,Josowitz,njosowitzax@chron.com,Male,125.82.132.30
395,Reggie,Lafflin,rlafflinay@harvard.edu,Female,240.50.94.247
396,Isaak,Levicount,ilevicountaz@mysql.com,Male,76.132.94.61
397,Duff,Housin,dhousinb0@washington.edu,Male,206.210.61.173
398,Renault,Billinge,rbillingeb1@ustream.tv,Male,184.25.38.165
399,Bel,Mountcastle,bmountcastleb2@ibm.com,Female,0.251.60.122
400,Edie,Savaage,esavaageb3@edublogs.org,Female,174.250.145.118
401,Margy,Dickings,mdickingsb4@hugedomains.com,Female,184.191.194.148
402,Blair,Chase,bchaseb5@thetimes.co.uk,Female,234.192.205.8
403,Christiane,Pering,cperingb6@tumblr.com,Female,130.94.230.72
404,Park,Busen,pbusenb7@state.tx.us,Male,13.12.203.45
405,Kenny,Sange,ksangeb8@nationalgeographic.com,Male,128.27.198.194
406,Daphene,Baumert,dbaumertb9@jimdo.com,Female,240.29.37.200
407,Idaline,Duester,iduesterba@cyberchimps.com,Female,96.130.83.164
408,Thorny,Sumption,tsumptionbb@slideshare.net,Male,159.144.159.148
409,Barry,Harrold,bharroldbc@opera.com,Female,26.80.172.19
410,Scot,Winterton,swintertonbd@diigo.com,Male,71.112.81.229
411,Gennifer,Islep,gislepbe@cocolog-nifty.com,Female,102.196.66.105
412,Eamon,Children,echildrenbf@rambler.ru,Male,236.27.26.93
413,Ruddie,Hotton,rhottonbg@yolasite.com,Male,102.135.102.108
414,Millie,Tomeo,mtomeobh@twitpic.com,Female,6.153.72.83
415,Bentley,Hartwell,bhartwellbi@elpais.com,Male,214.158.1.40
416,Lari,Chatres,lchatresbj@wikispaces.com,Female,89.72.67.185
417,Hugo,Brason,hbrasonbk@digg.com,Male,16.209.47.79
418,Aileen,Veal,avealbl@msn.com,Female,150.161.51.138
419,Carmencita,Glisane,cglisanebm@huffingtonpost.com,Female,238.207.42.214
420,Irvine,Slee,isleebn@scribd.com,Male,58.51.41.255
421,Kassie,Arrault,karraultbo@ehow.com,Female,115.27.25.204
422,Bridgette,Simkovich,bsimkovichbp@mlb.com,Female,78.28.157.184
423,Harald,McGorley,hmcgorleybq@last.fm,Male,196.105.70.217
424,Sunny,Tockell,stockellbr@alexa.com,Male,38.127.63.41
425,Anatollo,Wilcot,awilcotbs@fc2.com,Male,149.126.210.23
426,Kellsie,Geerling,kgeerlingbt@usnews.com,Female,116.160.196.63
427,Lewie,Tighe,ltighebu@blog.com,Male,185.25.194.196
428,Jobyna,Pechet,jpechetbv@pcworld.com,Female,107.209.236.234
429,Phillip,Bonney,pbonneybw@time.com,Male,114.217.41.27
430,Ardenia,Pawsey,apawseybx@fda.gov,Female,222.95.25.207
431,Cammy,Bairstow,cbairstowby@abc.net.au,Male,33.191.200.19
432,Rafaelita,Walcher,rwalcherbz@mediafire.com,Female,118.15.162.212
433,Marco,Ramel,mramelc0@is.gd,Male,98.35.66.214
434,Silas,Germaine,sgermainec1@ezinearticles.com,Male,49.97.95.64
435,Menard,Gheorghie,mgheorghiec2@yandex.ru,Male,75.5.104.144
436,Weylin,Batram,wbatramc3@webmd.com,Male,56.223.67.247
437,Kelcy,Wanstall,kwanstallc4@meetup.com,Female,218.102.173.46
438,Sawyere,Clelle,sclellec5@blogger.com,Male,92.132.127.240
439,Alexis,Borrowman,aborrowmanc6@ovh.net,Male,77.211.227.218
440,Walden,Baudasso,wbaudassoc7@icq.com,Male,177.204.78.108
441,Jaymie,Hegg,jheggc8@google.nl,Male,34.24.98.231
442,Keenan,Janowski,kjanowskic9@i2i.jp,Male,207.8.71.31
443,Sloane,Jeanesson,sjeanessonca@elegantthemes.com,Male,145.57.153.35
444,Sheila-kathryn,Pilsworth,spilsworthcb@oaic.gov.au,Female,82.27.153.134
445,Jonell,Price,jpricecc@facebook.com,Female,23.28.75.136
446,Edie,Borthram,eborthramcd@dyndns.org,Female,249.119.199.249
447,Benedicto,Domingues,bdominguesce@zdnet.com,Male,59.185.197.252
448,Iseabal,Norquay,inorquaycf@sitemeter.com,Female,133.195.239.252
449,Yanaton,Truitt,ytruittcg@sun.com,Male,193.29.175.132
450,Chrystal,Gaskins,cgaskinsch@blogs.com,Female,93.47.105.7
451,Elvin,Mepsted,emepstedci@dailymotion.com,Male,124.250.110.152
452,Fanya,Huckleby,fhucklebycj@altervista.org,Female,58.90.247.138
453,Fidel,Catteroll,fcatterollck@amazon.co.jp,Male,63.113.74.2
454,Morten,Capps,mcappscl@xrea.com,Male,79.153.131.117
455,Meredithe,Ladbury,mladburycm@opensource.org,Female,144.216.202.86
456,Gaile,Shimwell,gshimwellcn@comcast.net,Male,244.210.106.13
457,Hector,Rewan,hrewanco@bloomberg.com,Male,24.163.97.47
458,Essy,Condie,econdiecp@over-blog.com,Female,246.161.211.139
459,Lenore,Kornilov,lkornilovcq@archive.org,Female,86.163.120.195
460,Winston,Hazeup,whazeupcr@tinypic.com,Male,194.167.79.156
461,Dalt,Ashworth,dashworthcs@usa.gov,Male,29.33.212.205
462,Eldon,Duffet,eduffetct@instagram.com,Male,8.215.72.148
463,Nehemiah,Rubinsky,nrubinskycu@vistaprint.com,Male,176.38.113.107
464,Rodrigo,Lonie,rloniecv@hatena.ne.jp,Male,181.96.116.30
465,Rudolph,Sandercock,rsandercockcw@google.nl,Male,148.89.56.179
466,Marrilee,Outibridge,moutibridgecx@cocolog-nifty.com,Female,200.16.239.119
467,Dora,Ridett,dridettcy@pbs.org,Female,175.70.77.216
468,Norton,Sindle,nsindlecz@cmu.edu,Male,190.178.155.10
469,Rob,Tivnan,rtivnand0@chicagotribune.com,Male,132.215.251.161
470,Oberon,Olin,oolind1@tuttocitta.it,Male,75.196.243.5
471,Elsey,Freke,efreked2@phoca.cz,Female,125.229.124.138
472,Corene,Morad,cmoradd3@stumbleupon.com,Female,124.17.163.114
473,Lexi,Fuidge,lfuidged4@merriam-webster.com,Female,204.48.39.221
474,Odelle,Kerwick,okerwickd5@geocities.com,Female,215.114.40.54
475,Darb,Draysey,ddrayseyd6@youtube.com,Female,134.181.184.125
476,Gregoor,Torregiani,gtorregianid7@pen.io,Male,210.34.134.220
477,Thacher,Concannon,tconcannond8@bbb.org,Male,177.229.63.75
478,Marleah,Shead,msheadd9@wikimedia.org,Female,140.103.105.133
479,Tara,Squier,tsquierda@cam.ac.uk,Female,192.34.9.100
480,Nathanil,Brinson,nbrinsondb@ask.com,Male,164.158.56.8
481,Collin,Tonepohl,ctonepohldc@bing.com,Male,145.30.118.63
482,Alikee,Shervington,ashervingtondd@unesco.org,Female,74.109.42.54
483,Forrest,Salack,fsalackde@deviantart.com,Male,254.160.35.50
484,Edlin,Lipscombe,elipscombedf@bloglines.com,Male,162.156.137.221
485,Lin,Agastina,lagastinadg@go.com,Male,87.198.16.14
486,Der,Flowers,dflowersdh@loc.gov,Male,47.25.95.96
487,Jacques,Mynett,jmynettdi@wired.com,Male,217.116.219.116
488,Jasmine,Dallas,jdallasdj@marriott.com,Female,248.221.191.2
489,Ludvig,McCaughen,lmccaughendk@samsung.com,Male,119.144.236.226
490,Vale,Alforde,valfordedl@godaddy.com,Male,193.220.228.42
491,Berkeley,Clementet,bclementetdm@comcast.net,Male,71.178.184.2
492,Bessy,Massei,bmasseidn@yellowpages.com,Female,188.188.120.11
493,Emili,Hollyland,ehollylanddo@scientificamerican.com,Female,152.72.91.248
494,Web,Merrien,wmerriendp@sun.com,Male,237.86.185.108
495,Wayland,Howsin,whowsindq@bizjournals.com,Male,171.217.149.230
496,Elsi,Sholem,esholemdr@answers.com,Female,239.58.247.27
497,Lexis,Gwalter,lgwalterds@about.com,Female,125.104.173.229
498,Pru,Sebright,psebrightdt@quantcast.com,Female,135.228.87.250
499,Casie,Leavey,cleaveydu@jigsy.com,Female,245.47.67.166
500,Chris,Marriage,cmarriagedv@phoca.cz,Male,54.72.248.120
501,Karna,Charteris,kcharterisdw@columbia.edu,Female,204.143.83.94
502,Aloysius,Rennolds,arennoldsdx@surveymonkey.com,Male,171.34.242.34
503,Sophey,Sirmond,ssirmonddy@lycos.com,Female,110.251.205.179
504,Hirsch,Everett,heverettdz@thetimes.co.uk,Male,209.108.20.84
505,Aile,Offin,aoffine0@census.gov,Female,184.82.86.165
506,Lazaro,Jefferson,ljeffersone1@europa.eu,Male,79.108.163.31
507,Brit,Wardrop,bwardrope2@shop-pro.jp,Male,247.173.135.173
508,Benoite,Elcott,belcotte3@constantcontact.com,Female,184.170.15.110
509,Aylmer,Smail,asmaile4@comcast.net,Male,129.137.62.28
510,Torin,Pantecost,tpantecoste5@e-recht24.de,Male,46.223.142.73
511,Daisey,Dodgson,ddodgsone6@senate.gov,Female,78.186.104.236
512,Danell,Minter,dmintere7@illinois.edu,Female,255.213.145.156
513,Adam,Slany,aslanye8@istockphoto.com,Male,147.176.174.189
514,Hadleigh,Checchi,hchecchie9@hud.gov,Male,0.36.63.25
515,Britta,Wheatcroft,bwheatcroftea@newsvine.com,Female,4.185.75.72
516,Gasparo,Bamell,gbamelleb@ted.com,Male,250.114.56.233
517,Gaile,Dikles,gdiklesec@paginegialle.it,Male,63.10.105.230
518,Ardisj,Quantick,aquanticked@nsw.gov.au,Female,5.123.208.209
519,Gearard,Lippini,glippiniee@yale.edu,Male,51.109.141.131
520,Hope,Rodgman,hrodgmanef@ovh.net,Female,166.67.252.141
521,Sheff,Ceney,sceneyeg@usda.gov,Male,158.205.184.157
522,Findley,Absolom,fabsolomeh@umich.edu,Male,210.192.77.144
523,Clotilda,Mowne,cmowneei@mapquest.com,Female,99.155.236.127
524,Savina,Switland,sswitlandej@statcounter.com,Female,220.28.4.159
525,Hank,Elia,heliaek@icq.com,Male,193.242.103.18
526,Maud,Batkin,mbatkinel@buzzfeed.com,Female,108.103.93.242
527,Krystle,Crombleholme,kcrombleholmeem@cbc.ca,Female,112.22.176.227
528,Dinny,de Werk,ddewerken@prlog.org,Female,253.222.167.167
529,Feodor,Hakes,fhakeseo@diigo.com,Male,154.11.244.109
530,Erastus,Pawling,epawlingep@nba.com,Male,205.224.24.198
531,Amanda,Blabber,ablabbereq@wikimedia.org,Female,188.24.145.62
532,Cindra,Di Gregorio,cdigregorioer@360.cn,Female,188.138.210.57
533,Isaac,Pomphrey,ipomphreyes@google.com.br,Male,123.125.51.167
534,Morganica,Loudiane,mloudianeet@dagondesign.com,Female,178.204.171.202
535,Travus,Dannohl,tdannohleu@smugmug.com,Male,18.118.189.182
536,King,Copnell,kcopnellev@cisco.com,Male,36.53.101.108
537,Reinhold,Gother,rgotherew@prlog.org,Male,243.190.80.173
538,Halimeda,Sooley,hsooleyex@bizjournals.com,Female,185.49.234.92
539,Lin,Pooke,lpookeey@geocities.jp,Female,187.65.146.15
540,Merline,Berrington,mberringtonez@a8.net,Female,193.181.67.109
541,Nessie,Bethune,nbethunef0@quantcast.com,Female,252.20.224.225
542,Burk,Sones,bsonesf1@dedecms.com,Male,62.91.75.161
543,Silvester,Chastanet,schastanetf2@miitbeian.gov.cn,Male,102.155.47.64
544,Fulvia,Yatman,fyatmanf3@list-manage.com,Female,164.163.21.232
545,Lilia,Camsey,lcamseyf4@w3.org,Female,158.72.236.167
546,Marji,Loggie,mloggief5@jalbum.net,Female,173.11.15.142
547,Freddi,McEttigen,fmcettigenf6@twitter.com,Female,240.194.35.17
548,Rosie,Brabender,rbrabenderf7@opera.com,Female,185.177.186.111
549,Giacinta,Rosenfrucht,grosenfruchtf8@newsvine.com,Female,92.206.173.165
550,Clarabelle,Cattlow,ccattlowf9@wikia.com,Female,137.70.11.75
551,Randi,Lethem,rlethemfa@cyberchimps.com,Female,149.159.12.141
552,Paddie,Gascard,pgascardfb@gizmodo.com,Male,32.106.16.204
553,Celinka,Koeppke,ckoeppkefc@who.int,Female,30.215.7.46
554,Kassi,Kinnier,kkinnierfd@ameblo.jp,Female,239.13.184.109
555,Philipa,Ingre,pingrefe@sciencedaily.com,Female,138.95.234.82
556,Geri,Yannikov,gyannikovff@ucoz.ru,Female,64.221.86.217
557,Tobias,Badrock,tbadrockfg@howstuffworks.com,Male,184.206.79.56
558,Stillmann,Hriinchenko,shriinchenkofh@mlb.com,Male,12.207.153.146
559,Noella,Fairs,nfairsfi@marriott.com,Female,91.70.106.37
560,Bertrando,Uzielli,buziellifj@bbb.org,Male,87.28.129.248
561,Ellerey,Ascough,eascoughfk@indiatimes.com,Male,5.48.114.29
562,Hetti,Triplet,htripletfl@wsj.com,Female,169.198.146.80
563,Tiffie,Grinnov,tgrinnovfm@usatoday.com,Female,59.0.212.62
564,Marshall,Lashmar,mlashmarfn@umich.edu,Male,99.18.51.215
565,Millisent,Hounson,mhounsonfo@hhs.gov,Female,83.179.184.234
566,Reece,Teas,rteasfp@webnode.com,Male,117.109.206.249
567,Brod,Asprey,baspreyfq@walmart.com,Male,249.235.230.179
568,Earvin,Wattingham,ewattinghamfr@businessinsider.com,Male,170.31.88.159
569,Roderick,Scruby,rscrubyfs@irs.gov,Male,45.140.71.31
570,Aluino,Baxstair,abaxstairft@yahoo.com,Male,103.144.250.69
571,Blanche,McGerr,bmcgerrfu@amazon.co.uk,Female,171.185.243.58
572,Piggy,Haw,phawfv@ftc.gov,Male,96.95.195.183
573,Sheelagh,Vreede,svreedefw@yelp.com,Female,90.240.15.120
574,Paulina,Monaghan,pmonaghanfx@usa.gov,Female,96.231.147.208
575,Perry,Ruzic,pruzicfy@yahoo.co.jp,Female,81.76.162.12
576,Star,Lewins,slewinsfz@example.com,Female,255.22.64.224
577,Klaus,Gaunter,kgaunterg0@cloudflare.com,Male,103.15.63.91
578,Livvyy,Legen,llegeng1@topsy.com,Female,29.168.104.222
579,Minnnie,Cutting,mcuttingg2@netlog.com,Female,182.32.195.166
580,Geneva,Holgan,gholgang3@bing.com,Female,105.238.218.162
581,Isaak,Naish,inaishg4@gmpg.org,Male,63.236.198.237
582,Milicent,Garahan,mgarahang5@mayoclinic.com,Female,130.78.112.39
583,Sapphira,O'Kerin,sokering6@liveinternet.ru,Female,151.73.80.4
584,Cyrillus,Swait,cswaitg7@mapy.cz,Male,117.13.129.57
585,Kelcey,Dunkley,kdunkleyg8@nature.com,Female,221.192.182.38
586,Evangeline,Dairton,edairtong9@istockphoto.com,Female,97.227.23.9
587,Henry,Lighton,hlightonga@mozilla.com,Male,148.219.156.131
588,Adiana,Cerie,aceriegb@prnewswire.com,Female,164.230.220.33
589,Baxie,Seers,bseersgc@hhs.gov,Male,163.180.78.184
590,Benji,Stonham,bstonhamgd@dedecms.com,Male,178.48.221.48
591,Storm,Dorbon,sdorbonge@mashable.com,Female,75.197.251.37
592,Morgana,Loddy,mloddygf@newyorker.com,Female,210.110.15.199
593,Consalve,Haldane,chaldanegg@youtu.be,Male,77.143.254.73
594,Zuzana,Ruddock,zruddockgh@who.int,Female,154.220.136.32
595,Tobye,Sudran,tsudrangi@homestead.com,Female,61.155.55.42
596,Caritta,Gerrelt,cgerreltgj@merriam-webster.com,Female,202.106.190.191
597,Rennie,Swanton,rswantongk@msn.com,Female,245.72.153.136
598,Isaac,Healeas,ihealeasgl@techcrunch.com,Male,66.215.177.177
599,Lenka,Orpin,lorpingm@angelfire.com,Female,105.124.70.94
600,Valida,Condie,vcondiegn@ca.gov,Female,99.206.33.32
601,Josepha,Beaton,jbeatongo@vk.com,Female,6.4.233.254
602,Bonny,Jaques,bjaquesgp@jigsy.com,Female,139.14.193.192
603,Aline,Durrell,adurrellgq@feedburner.com,Female,147.46.46.174
604,Kent,Butson,kbutsongr@sakura.ne.jp,Male,7.78.63.126
605,Jermayne,Dutteridge,jdutteridgegs@livejournal.com,Male,113.150.86.11
606,Laina,Baleine,lbaleinegt@nba.com,Female,220.118.10.41
607,Mel,Vermer,mvermergu@myspace.com,Male,196.56.197.79
608,Norbie,Hutchens,nhutchensgv@vinaora.com,Male,119.8.115.100
609,Ibby,Blaszczak,iblaszczakgw@last.fm,Female,241.140.241.74
610,Aguie,Edmundson,aedmundsongx@youtu.be,Male,50.2.111.138
611,Sven,Greenlies,sgreenliesgy@craigslist.org,Male,218.83.66.23
612,Collette,Phin,cphingz@techcrunch.com,Female,146.8.158.172
613,Cherida,Gibbie,cgibbieh0@hp.com,Female,91.222.205.234
614,Alexei,Grishukov,agrishukovh1@msn.com,Male,135.32.111.252
615,Peirce,Seath,pseathh2@meetup.com,Male,42.64.163.66
616,Jaime,Eastcourt,jeastcourth3@wisc.edu,Female,98.94.114.178
617,Kevan,Strugnell,kstrugnellh4@cyberchimps.com,Male,201.230.8.108
618,Giraldo,Heal,ghealh5@netlog.com,Male,5.129.16.138
619,Row,Adair,radairh6@apache.org,Female,241.9.96.52
620,Elinor,McCrea,emccreah7@fc2.com,Female,197.235.195.145
621,Isabelle,Pegrum,ipegrumh8@jiathis.com,Female,252.191.72.231
622,Gracia,MacKinnon,gmackinnonh9@umich.edu,Female,118.180.118.169
623,Foss,Blasius,fblasiusha@4shared.com,Male,103.42.0.188
624,Lyman,Pettigree,lpettigreehb@sphinn.com,Male,114.133.206.15
625,Ermanno,Gwatkins,egwatkinshc@amazon.de,Male,86.196.153.237
626,Al,Gerwood,agerwoodhd@china.com.cn,Male,144.17.176.230
627,Nomi,Fredy,nfredyhe@symantec.com,Female,105.59.63.101
628,Humfrey,Merritt,hmerritthf@com.com,Male,143.196.40.188
629,Kristal,Gallear,kgallearhg@java.com,Female,83.141.240.98
630,Jarad,Schuricke,jschurickehh@nih.gov,Male,108.81.250.83
631,Ina,Pickerell,ipickerellhi@accuweather.com,Female,216.120.85.47
632,Frieda,Macguire,fmacguirehj@vimeo.com,Female,45.202.221.95
633,Dalton,Burth,dburthhk@ovh.net,Male,121.149.84.208
634,Pavlov,Clubbe,pclubbehl@weather.com,Male,164.49.3.176
635,Pooh,Fibbit,pfibbithm@51.la,Male,44.238.74.235
636,Job,Daniele,jdanielehn@desdev.cn,Male,238.87.161.55
637,Dru,Ulyat,dulyatho@goodreads.com,Male,249.98.209.56
638,Carlin,Gonneau,cgonneauhp@storify.com,Male,243.19.43.22
639,Lee,Oxtoby,loxtobyhq@eventbrite.com,Male,3.109.35.69
640,Eugene,Churchman,echurchmanhr@newsvine.com,Male,255.7.85.16
641,Sheilah,Dowbekin,sdowbekinhs@indiatimes.com,Female,155.84.242.147
642,Zack,Tresise,ztresiseht@ucla.edu,Male,85.102.117.60
643,Errick,Goodburn,egoodburnhu@posterous.com,Male,225.111.130.247
644,Jard,Hillyatt,jhillyatthv@senate.gov,Male,84.174.40.170
645,Anna-diana,Maulin,amaulinhw@independent.co.uk,Female,19.192.251.54
646,Alyssa,Lammin,alamminhx@wiley.com,Female,122.225.8.195
647,Halette,Espadero,hespaderohy@ask.com,Female,103.179.184.15
648,Lanni,Phil,lphilhz@mail.ru,Female,187.160.35.74
649,Iorgo,Scholte,ischoltei0@myspace.com,Male,59.149.74.74
650,Alleyn,McCrudden,amccruddeni1@cafepress.com,Male,76.99.158.221
651,Willdon,Tudge,wtudgei2@lycos.com,Male,14.87.145.140
652,Esmaria,Wickersham,ewickershami3@free.fr,Female,132.241.140.97
653,Maynard,Huban,mhubani4@deviantart.com,Male,178.47.249.166
654,Arther,People,apeoplei5@newyorker.com,Male,112.253.181.105
655,Sibel,Hart,sharti6@princeton.edu,Female,146.117.201.217
656,Cathleen,Kivelhan,ckivelhani7@usda.gov,Female,198.61.111.243
657,Filberte,Exon,fexoni8@ucoz.com,Male,241.42.95.17
658,Merrielle,Andrelli,mandrellii9@yellowpages.com,Female,60.187.72.0
659,Brant,Speck,bspeckia@newyorker.com,Male,229.110.98.233
660,Myles,Steketee,msteketeeib@unesco.org,Male,210.162.167.115
661,Faber,Hastin,fhastinic@sun.com,Male,29.199.181.203
662,Tim,Dumper,tdumperid@netvibes.com,Male,52.189.225.25
663,Helen,Menham,hmenhamie@aol.com,Female,153.237.128.99
664,Clari,Lehenmann,clehenmannif@loc.gov,Female,87.138.87.176
665,Danyelle,Rapier,drapierig@topsy.com,Female,229.215.35.192
666,Wyatan,Cock,wcockih@feedburner.com,Male,179.101.32.108
667,Emmaline,Potier,epotierii@themeforest.net,Female,147.53.39.163
668,Barnabas,Jemmison,bjemmisonij@google.com,Male,80.132.82.103
669,Leon,Lorrain,llorrainik@redcross.org,Male,93.125.180.24
670,Spense,Bondesen,sbondesenil@etsy.com,Male,225.18.106.238
671,Constance,Shyre,cshyreim@dot.gov,Female,87.142.42.73
672,Irina,Jans,ijansin@sbwire.com,Female,219.6.224.138
673,Red,Kellart,rkellartio@odnoklassniki.ru,Male,169.178.186.193
674,Wolf,Imason,wimasonip@icq.com,Male,205.60.80.194
675,Garvey,Ioselevich,gioselevichiq@infoseek.co.jp,Male,215.195.34.157
676,Irita,Zmitrovich,izmitrovichir@mtv.com,Female,252.70.87.78
677,Mort,Itscowicz,mitscowiczis@shareasale.com,Male,66.9.75.73
678,Dasi,Bowle,dbowleit@nature.com,Female,167.236.158.126
679,Barrie,Dingley,bdingleyiu@pinterest.com,Female,235.117.216.177
680,Nolie,Bucktrout,nbucktroutiv@mac.com,Female,59.88.47.188
681,Vasili,Speariett,vspeariettiw@reuters.com,Male,21.6.51.221
682,Ezekiel,Brundell,ebrundellix@amazon.com,Male,255.140.78.229
683,Athene,Couvert,acouvertiy@shareasale.com,Female,198.77.109.164
684,Cherish,Elsbury,celsburyiz@berkeley.edu,Female,27.183.160.194
685,Briant,Bracci,bbraccij0@issuu.com,Male,12.158.194.212
686,Nara,Hastelow,nhastelowj1@ocn.ne.jp,Female,30.146.34.24
687,Cy,Djorevic,cdjorevicj2@about.com,Male,193.58.247.136
688,Basil,Battany,bbattanyj3@hexun.com,Male,201.60.91.192
689,Kayne,Emmer,kemmerj4@youku.com,Male,60.183.220.96
690,Alica,Enderlein,aenderleinj5@huffingtonpost.com,Female,221.169.34.242
691,Karrie,Shackel,kshackelj6@ucoz.com,Female,112.35.63.157
692,Jeannie,Oakinfold,joakinfoldj7@arstechnica.com,Female,194.163.195.254
693,Beilul,Shepherd,bshepherdj8@theatlantic.com,Female,111.210.253.161
694,Elberta,Proswell,eproswellj9@soundcloud.com,Female,190.116.235.164
695,Markos,Mellmer,mmellmerja@forbes.com,Male,102.88.158.203
696,Luz,Erangey,lerangeyjb@springer.com,Female,104.46.227.111
697,Garreth,O'Brollachain,gobrollachainjc@wikimedia.org,Male,17.36.49.54
698,Rora,Wanless,rwanlessjd@typepad.com,Female,12.20.12.20
699,Quinlan,Ebbetts,qebbettsje@a8.net,Male,125.20.126.108
700,Jethro,Shobrook,jshobrookjf@forbes.com,Male,174.129.38.255
701,Austine,Sentinella,asentinellajg@xinhuanet.com,Female,111.219.46.161
702,Averyl,Kovalski,akovalskijh@wikipedia.org,Female,89.175.112.235
703,Dyna,MacCart,dmaccartji@comcast.net,Female,97.10.247.78
704,Essa,Sundin,esundinjj@so-net.ne.jp,Female,227.124.194.6
705,Foss,Iacovozzo,fiacovozzojk@ycombinator.com,Male,42.251.69.66
706,Ebony,Foyle,efoylejl@prweb.com,Female,27.111.0.73
707,Car,Ianniello,cianniellojm@elegantthemes.com,Male,109.249.110.105
708,Elana,Gosnall,egosnalljn@ifeng.com,Female,175.205.32.21
709,Tamqrah,Keightley,tkeightleyjo@phpbb.com,Female,213.65.221.118
710,Aldric,Roskelly,aroskellyjp@parallels.com,Male,133.104.80.68
711,Mitzi,Chapellow,mchapellowjq@timesonline.co.uk,Female,131.33.11.197
712,Claudio,Fenich,cfenichjr@nba.com,Male,148.56.221.145
713,Filmer,Choke,fchokejs@wired.com,Male,204.50.44.98
714,Olive,Stidever,ostideverjt@salon.com,Female,43.6.9.57
715,Law,Twinning,ltwinningju@foxnews.com,Male,100.208.139.143
716,Teri,Elphee,telpheejv@ucoz.ru,Female,220.144.175.59
717,Bonny,Breznovic,bbreznovicjw@linkedin.com,Female,133.86.230.188
718,Agnes,Cowell,acowelljx@tripadvisor.com,Female,147.198.45.220
719,Xylia,Tomanek,xtomanekjy@washington.edu,Female,231.180.102.47
720,Trenna,felip,tfelipjz@ask.com,Female,70.198.232.21
721,Madelaine,Pisco,mpiscok0@people.com.cn,Female,109.64.86.158
722,Reagan,Josefsson,rjosefssonk1@phpbb.com,Male,221.128.75.229
723,Shaine,Daniellot,sdaniellotk2@fastcompany.com,Female,114.59.112.218
724,Stacy,MacAloren,smacalorenk3@blogtalkradio.com,Male,223.33.45.180
725,Chevalier,Campes,ccampesk4@ebay.com,Male,203.78.30.37
726,Katy,Blackborough,kblackboroughk5@slashdot.org,Female,86.18.125.37
727,Bruis,Coltart,bcoltartk6@zdnet.com,Male,255.149.188.121
728,Loree,Rosettini,lrosettinik7@slideshare.net,Female,175.5.35.232
729,Saw,Rojas,srojask8@intel.com,Male,229.48.164.0
730,Tirrell,Paudin,tpaudink9@themeforest.net,Male,37.228.192.57
731,Marilyn,Beach,mbeachka@sakura.ne.jp,Female,207.59.52.137
732,Aaron,Woolmer,awoolmerkb@va.gov,Male,101.84.23.2
733,Laural,Cannon,lcannonkc@amazon.co.jp,Female,242.137.110.255
734,Mattias,Pamment,mpammentkd@hp.com,Male,77.177.64.189
735,Ignacio,Winnett,iwinnettke@examiner.com,Male,250.130.0.112
736,Jerrie,Gillinghams,jgillinghamskf@yandex.ru,Female,67.24.114.72
737,Nell,Dangerfield,ndangerfieldkg@ft.com,Female,95.139.67.143
738,Frankie,Iannello,fiannellokh@google.ru,Female,127.244.205.124
739,Merry,Gaffer,mgafferki@so-net.ne.jp,Male,214.48.78.224
740,Selene,Heam,sheamkj@wunderground.com,Female,130.76.251.71
741,Farlee,Pierce,fpiercekk@tinyurl.com,Male,105.107.28.108
742,Chevalier,Colebeck,ccolebeckkl@merriam-webster.com,Male,18.134.24.8
743,Bernie,Puddle,bpuddlekm@discuz.net,Male,77.224.248.148
744,Rhetta,Tremmil,rtremmilkn@feedburner.com,Female,133.7.228.196
745,Desmond,Rollings,drollingsko@tripod.com,Male,51.111.197.141
746,Kennett,Spurrett,kspurrettkp@fema.gov,Male,240.23.60.10
747,Drake,Fairfoul,dfairfoulkq@sun.com,Male,181.170.1.35
748,Gwendolin,Cohane,gcohanekr@gmpg.org,Female,111.221.203.27
749,Val,Skurray,vskurrayks@edublogs.org,Male,111.93.79.52
750,Giff,Cheak,gcheakkt@nyu.edu,Male,25.27.246.148
751,Janel,Carriage,jcarriageku@xinhuanet.com,Female,123.139.51.73
752,Lindy,Eydel,leydelkv@stanford.edu,Male,138.71.179.91
753,Selia,Gandley,sgandleykw@columbia.edu,Female,50.143.3.9
754,Philis,MacKimmie,pmackimmiekx@kickstarter.com,Female,121.92.18.101
755,Erin,Ratley,eratleyky@nifty.com,Female,156.247.225.65
756,Terrence,Millery,tmillerykz@wp.com,Male,21.202.0.121
757,Cecile,Coey,ccoeyl0@hc360.com,Female,27.210.143.70
758,Godfry,Gilfether,ggilfetherl1@4shared.com,Male,162.84.72.52
759,Glenine,Reedick,greedickl2@twitter.com,Female,213.105.166.229
760,Jan,Mitkcov,jmitkcovl3@paypal.com,Male,83.215.162.47
761,Melody,Ireson,miresonl4@nps.gov,Female,108.1.113.10
762,Dallis,Cabble,dcabblel5@nba.com,Male,56.119.236.32
763,Lebbie,Bassilashvili,lbassilashvilil6@lulu.com,Female,168.166.32.199
764,Gabbi,Riolfi,griolfil7@123-reg.co.uk,Female,173.108.255.41
765,Nickolas,Pichan,npichanl8@nps.gov,Male,18.18.93.111
766,Alphard,Jeannet,ajeannetl9@toplist.cz,Male,223.95.64.101
767,Jasun,Maffioni,jmaffionila@1688.com,Male,5.41.173.176
768,Modesty,Gallear,mgallearlb@goo.ne.jp,Female,136.162.11.33
769,Dilan,Christian,dchristianlc@economist.com,Male,179.157.75.236
770,Banky,Arstingall,barstingallld@chicagotribune.com,Male,16.78.145.230
771,Brod,Butchard,bbutchardle@acquirethisname.com,Male,248.172.46.190
772,Cordelie,Merioth,cmeriothlf@arstechnica.com,Female,203.148.225.12
773,Melvin,Ferrarello,mferrarellolg@cyberchimps.com,Male,188.83.209.58
774,Rora,McGinny,rmcginnylh@washington.edu,Female,245.103.86.5
775,Rachel,Tuhy,rtuhyli@usa.gov,Female,182.121.89.170
776,Wilhelm,Ainsworth,wainsworthlj@mtv.com,Male,36.23.203.252
777,Ryan,Vigars,rvigarslk@utexas.edu,Male,56.102.151.92
778,Tasia,Leyman,tleymanll@oracle.com,Female,114.2.205.8
779,Stacie,Flaunders,sflaunderslm@google.fr,Female,184.215.46.186
780,Cathy,Paullin,cpaullinln@squidoo.com,Female,232.69.94.43
781,Keen,Reinisch,kreinischlo@quantcast.com,Male,252.192.89.85
782,Donnie,MacAllan,dmacallanlp@nifty.com,Female,130.96.21.173
783,Nobe,Harcase,nharcaselq@patch.com,Male,216.180.197.154
784,Dame,Hoyland,dhoylandlr@g.co,Male,123.188.247.121
785,Colette,Mooreed,cmooreedls@marketwatch.com,Female,174.112.134.244
786,Hillyer,Pipworth,hpipworthlt@sohu.com,Male,248.172.42.207
787,Leonora,Daughton,ldaughtonlu@techcrunch.com,Female,54.209.245.91
788,My,Horney,mhorneylv@techcrunch.com,Male,28.52.255.141
789,Marietta,Lambole,mlambolelw@amazon.co.jp,Male,228.55.49.138
790,Reggie,Warrell,rwarrelllx@icio.us,Female,87.233.188.121
791,Huntlee,Boyes,hboyesly@infoseek.co.jp,Male,69.192.133.202
792,Jasper,Pargetter,jpargetterlz@rediff.com,Male,169.46.171.81
793,Winni,Jeffery,wjefferym0@weather.com,Female,83.28.180.68
794,Kassi,Sanchez,ksanchezm1@samsung.com,Female,172.26.52.16
795,Almira,Lamble,alamblem2@weather.com,Female,35.172.35.10
796,Deb,Easlea,deasleam3@hubpages.com,Female,182.213.252.107
797,Eadith,Hamnett,ehamnettm4@hexun.com,Female,169.139.40.100
798,Dennet,Anthill,danthillm5@cocolog-nifty.com,Male,79.227.65.143
799,Pennie,Farrent,pfarrentm6@dot.gov,Female,141.178.216.25
800,Juditha,Hartman,jhartmanm7@sphinn.com,Female,33.59.202.190
801,Eolande,Claasen,eclaasenm8@eventbrite.com,Female,140.215.189.178
802,Jenilee,Merrell,jmerrellm9@opera.com,Female,113.249.59.16
803,Trumann,Gordon,tgordonma@noaa.gov,Male,15.204.94.221
804,Cherlyn,Squelch,csquelchmb@list-manage.com,Female,49.171.66.43
805,Chloette,Nevison,cnevisonmc@phoca.cz,Female,81.143.184.30
806,Maribelle,Dovidian,mdovidianmd@about.me,Female,147.203.9.28
807,West,Natt,wnattme@census.gov,Male,207.96.115.204
808,Winni,Kinnoch,wkinnochmf@nifty.com,Female,113.1.148.121
809,Ad,Mushet,amushetmg@163.com,Male,180.84.241.247
810,Dannel,Brittoner,dbrittonermh@tumblr.com,Male,246.199.56.75
811,Kleon,Glossop,kglossopmi@slate.com,Male,160.68.118.93
812,Jessalyn,Ruggles,jrugglesmj@diigo.com,Female,136.86.201.231
813,Cassy,Gorghetto,cgorghettomk@rediff.com,Female,215.235.254.128
814,Craig,MacElroy,cmacelroyml@furl.net,Male,132.4.92.189
815,Sinclair,Cramer,scramermm@live.com,Male,253.78.42.204
816,Randal,Joron,rjoronmn@bizjournals.com,Male,157.116.62.222
817,Gerard,Lukas,glukasmo@va.gov,Male,121.202.221.164
818,Valle,Utridge,vutridgemp@nps.gov,Male,39.55.177.100
819,Ally,Koubu,akoubumq@i2i.jp,Female,232.140.10.190
820,Parker,Brookton,pbrooktonmr@elpais.com,Male,15.49.137.62
821,Hilary,Shaughnessy,hshaughnessyms@sakura.ne.jp,Female,255.160.193.18
822,Bax,Stoodale,bstoodalemt@surveymonkey.com,Male,51.143.184.149
823,Mignonne,Van Brug,mvanbrugmu@chron.com,Female,213.98.26.0
824,Weidar,Tewkesbury,wtewkesburymv@51.la,Male,114.83.76.92
825,Kin,Duckinfield,kduckinfieldmw@seesaa.net,Male,83.84.221.224
826,Mag,Lesurf,mlesurfmx@nih.gov,Female,95.28.138.117
827,Randa,Fould,rfouldmy@paginegialle.it,Female,149.249.151.245
828,Anatollo,Cavill,acavillmz@wsj.com,Male,228.25.112.11
829,Briant,Berends,bberendsn0@wufoo.com,Male,255.23.20.32
830,Phil,Swaysland,pswayslandn1@flavors.me,Female,187.20.241.138
831,Evaleen,Mackett,emackettn2@wiley.com,Female,96.183.76.12
832,Dane,Arrol,darroln3@shop-pro.jp,Male,153.123.147.60
833,Curran,Gough,cgoughn4@businesswire.com,Male,83.63.46.207
834,Wrennie,Scaddon,wscaddonn5@blogspot.com,Female,137.19.192.169
835,Cynthia,Lockie,clockien6@cisco.com,Female,208.45.13.86
836,Delphinia,Dabes,ddabesn7@google.de,Female,21.143.160.104
837,Worden,Cobelli,wcobellin8@shinystat.com,Male,140.11.91.88
838,Raymund,Albarez,ralbarezn9@bbc.co.uk,Male,165.96.60.61
839,Maurene,Witherow,mwitherowna@nifty.com,Female,216.155.223.102
840,Lenard,Lubomirski,llubomirskinb@un.org,Male,84.46.178.69
841,Marilin,Easton,meastonnc@wordpress.org,Female,136.184.92.204
842,Cordey,Wasling,cwaslingnd@theglobeandmail.com,Female,189.69.117.11
843,Kennan,Hairyes,khairyesne@icio.us,Male,200.41.237.213
844,Marcela,Bartlomiej,mbartlomiejnf@1688.com,Female,3.248.187.143
845,Abel,Winear,awinearng@fotki.com,Male,47.154.131.235
846,Mahmud,Purdy,mpurdynh@cbc.ca,Male,89.89.203.209
847,Aloise,Jackes,ajackesni@bloglovin.com,Female,214.107.143.196
848,Efren,Forrestor,eforrestornj@yellowbook.com,Male,177.232.230.233
849,Suzie,Miner,sminernk@pen.io,Female,248.146.231.54
850,Rosalynd,McInility,rmcinilitynl@printfriendly.com,Female,91.107.53.109
851,Patin,Tingle,ptinglenm@shinystat.com,Male,152.246.166.126
852,Amara,Borkett,aborkettnn@cyberchimps.com,Female,162.237.82.22
853,Marie,Cubbino,mcubbinono@simplemachines.org,Female,163.177.222.49
854,Raimund,Hasell,rhasellnp@lulu.com,Male,166.54.20.226
855,Regine,Woolston,rwoolstonnq@blog.com,Female,219.67.64.211
856,Gilbertine,Battle,gbattlenr@furl.net,Female,249.236.166.212
857,Dallas,Weatherhill,dweatherhillns@google.fr,Female,101.146.104.212
858,Sergio,Sharvill,ssharvillnt@google.com.hk,Male,111.26.185.129
859,Eve,Bachellier,ebachelliernu@cisco.com,Female,71.166.65.46
860,Anjela,Scothron,ascothronnv@china.com.cn,Female,26.158.127.149
861,Tabbitha,Playden,tplaydennw@odnoklassniki.ru,Female,59.65.164.206
862,Brietta,Ghidoni,bghidoninx@addthis.com,Female,191.192.1.152
863,Trix,Elkington,telkingtonny@ftc.gov,Female,27.66.117.209
864,Charlotta,Hanny,channynz@rambler.ru,Female,219.167.39.184
865,Shelby,Ridger,sridgero0@dropbox.com,Male,80.22.88.202
866,Patricio,Eggers,peggerso1@opensource.org,Male,149.180.33.146
867,Xerxes,Gotch,xgotcho2@cornell.edu,Male,47.14.104.242
868,Tanhya,Bracknall,tbracknallo3@digg.com,Female,204.141.177.217
869,Reamonn,Etchells,retchellso4@printfriendly.com,Male,31.242.238.5
870,Clara,Shelmardine,cshelmardineo5@reddit.com,Female,57.103.26.199
871,Ivett,Bish,ibisho6@webs.com,Female,216.179.15.69
872,Germain,Dunton,gduntono7@usgs.gov,Female,17.151.214.139
873,Guglielma,Pope,gpopeo8@comsenz.com,Female,203.70.92.179
874,Selle,Panas,spanaso9@eepurl.com,Female,75.112.189.76
875,Merry,Joska,mjoskaoa@bigcartel.com,Male,92.210.192.9
876,Lorena,Saladin,lsaladinob@senate.gov,Female,60.122.88.61
877,Osbourne,Fruish,ofruishoc@g.co,Male,28.201.149.149
878,Kattie,Koomar,kkoomarod@cyberchimps.com,Female,224.88.231.159
879,Walsh,Bubbings,wbubbingsoe@slideshare.net,Male,205.227.139.150
880,Kevon,Postan,kpostanof@amazon.com,Male,168.62.180.173
881,Stefan,Towey,stoweyog@nsw.gov.au,Male,51.27.167.58
882,Chen,Pidgeon,cpidgeonoh@hud.gov,Male,231.131.204.219
883,Yale,Franzetti,yfranzettioi@fastcompany.com,Male,27.45.217.69
884,Merrill,Adelman,madelmanoj@yandex.ru,Male,193.23.173.60
885,Decca,Budik,dbudikok@prnewswire.com,Male,250.81.160.112
886,Kathryn,Firebrace,kfirebraceol@youtube.com,Female,9.51.122.41
887,Saba,Lammertz,slammertzom@google.com.hk,Female,168.92.58.242
888,Merwyn,Instrell,minstrellon@mashable.com,Male,0.176.52.44
889,Helenka,Nazair,hnazairoo@cdbaby.com,Female,80.176.213.181
890,Giselbert,Edser,gedserop@mtv.com,Male,160.245.170.88
891,Marlon,Silverston,msilverstonoq@wikia.com,Male,168.50.181.131
892,Jake,Brownsell,jbrownsellor@example.com,Male,28.233.80.237
893,Morganica,Dummer,mdummeros@accuweather.com,Female,215.16.55.76
894,Selig,O'Flynn,soflynnot@globo.com,Male,59.101.147.180
895,Terencio,Trenaman,ttrenamanou@gmpg.org,Male,50.135.195.212
896,Diana,Fetherstan,dfetherstanov@wordpress.org,Female,86.18.28.81
897,Thatch,Brobak,tbrobakow@freewebs.com,Male,53.236.21.245
898,Dwain,Airey,daireyox@blogger.com,Male,13.204.123.197
899,Violet,Coltart,vcoltartoy@stanford.edu,Female,176.184.211.223
900,Rasia,Dungate,rdungateoz@imdb.com,Female,70.234.243.100
901,Rafaello,Lesley,rlesleyp0@wordpress.com,Male,84.26.89.161
902,Trisha,Abrahamoff,tabrahamoffp1@google.co.uk,Female,38.252.91.182
903,Missy,Causier,mcausierp2@chron.com,Female,14.224.103.58
904,Corena,MacClinton,cmacclintonp3@msn.com,Female,64.176.7.126
905,Kandy,Risby,krisbyp4@e-recht24.de,Female,32.252.207.189
906,Andra,Rignoldes,arignoldesp5@1und1.de,Female,11.3.121.169
907,Grazia,McCambrois,gmccambroisp6@weather.com,Female,126.48.156.255
908,Vaughan,Braams,vbraamsp7@amazon.de,Male,205.167.117.72
909,Mohandas,Iwanicki,miwanickip8@wikipedia.org,Male,80.85.13.173
910,Conroy,Grebbin,cgrebbinp9@blogs.com,Male,25.105.119.234
911,Gustavus,Easseby,geassebypa@nifty.com,Male,99.74.226.33
912,Marcile,Spilsted,mspilstedpb@fotki.com,Female,215.108.227.229
913,Irv,Kleinschmidt,ikleinschmidtpc@edublogs.org,Male,202.144.169.25
914,Idette,Batterson,ibattersonpd@blogs.com,Female,250.76.87.136
915,Garnet,Anneslie,gannesliepe@ca.gov,Female,3.163.36.234
916,Nollie,Meekings,nmeekingspf@plala.or.jp,Male,64.209.36.172
917,Maddi,O'Longain,molongainpg@wufoo.com,Female,101.76.69.247
918,Clarie,Cregin,ccreginph@prweb.com,Female,84.214.13.237
919,Bendix,Pittway,bpittwaypi@ehow.com,Male,79.28.32.118
920,Michail,Eastway,meastwaypj@joomla.org,Male,228.1.56.199
921,Rosalynd,Venables,rvenablespk@salon.com,Female,20.169.88.141
922,Ann,Houseman,ahousemanpl@goo.gl,Female,26.163.7.117
923,Licha,Roxbrough,lroxbroughpm@amazonaws.com,Female,245.27.161.19
924,Tracy,Birdsall,tbirdsallpn@ifeng.com,Female,86.231.200.174
925,Meridith,Danilchenko,mdanilchenkopo@php.net,Female,166.79.117.182
926,Lacee,Danne,ldannepp@discovery.com,Female,156.58.68.150
927,Nananne,Fenge,nfengepq@1688.com,Female,112.224.52.150
928,Chrysler,Bowne,cbownepr@altervista.org,Female,154.131.149.163
929,Kiley,Hallatt,khallattps@apple.com,Female,226.64.4.20
930,Konstantine,MacGebenay,kmacgebenaypt@army.mil,Male,98.55.128.147
931,Carlotta,MacIver,cmaciverpu@marriott.com,Female,60.252.52.37
932,Reagan,Bohler,rbohlerpv@mysql.com,Male,56.238.195.213
933,Yul,Retter,yretterpw@ifeng.com,Male,151.232.142.22
934,Shaun,Scotney,sscotneypx@cbsnews.com,Female,86.5.65.160
935,Angel,Alejandro,aalejandropy@shutterfly.com,Female,161.148.113.29
936,Imelda,Rosenfrucht,irosenfruchtpz@reuters.com,Female,16.23.63.154
937,Shani,Ransom,sransomq0@geocities.com,Female,162.142.146.213
938,Madge,Walbridge,mwalbridgeq1@statcounter.com,Female,129.241.171.71
939,Jedidiah,Hauxby,jhauxbyq2@bigcartel.com,Male,155.150.91.132
940,Timotheus,Tapsfield,ttapsfieldq3@pen.io,Male,134.203.194.113
941,Carleen,Epinay,cepinayq4@google.ca,Female,188.95.74.224
942,Morgan,Cordeau],mcordeauq5@photobucket.com,Female,212.245.39.239
943,Germaine,Raddenbury,graddenburyq6@360.cn,Male,209.228.99.91
944,Ginger,Brecken,gbreckenq7@tamu.edu,Female,12.194.101.106
945,Katharine,Petrashov,kpetrashovq8@geocities.jp,Female,144.187.116.228
946,Bekki,Byllam,bbyllamq9@acquirethisname.com,Female,100.154.108.70
947,Cosimo,Braxay,cbraxayqa@miitbeian.gov.cn,Male,75.235.150.99
948,Maurice,Gant,mgantqb@oaic.gov.au,Male,60.1.15.89
949,Aloysius,Bruna,abrunaqc@t.co,Male,94.97.100.149
950,Ekaterina,Westall,ewestallqd@blogger.com,Female,206.134.142.240
951,Gus,Purselow,gpurselowqe@trellian.com,Female,25.85.233.73
952,Armando,Willard,awillardqf@pen.io,Male,246.88.38.191
953,Oberon,Fransson,ofranssonqg@ox.ac.uk,Male,191.186.182.35
954,Concettina,Feron,cferonqh@sbwire.com,Female,104.15.38.23
955,Garik,Cucuzza,gcucuzzaqi@about.com,Male,95.219.210.3
956,Nigel,Freire,nfreireqj@free.fr,Male,105.134.238.172
957,Vale,Tarn,vtarnqk@imageshack.us,Male,79.243.107.12
958,Cindra,Bahia,cbahiaql@msn.com,Female,184.11.253.67
959,Nolie,Aisthorpe,naisthorpeqm@ca.gov,Female,69.179.203.56
960,Roderich,Dockwray,rdockwrayqn@msn.com,Male,99.56.119.187
961,Aloin,Wrightam,awrightamqo@feedburner.com,Male,238.105.162.43
962,Ogdon,Petley,opetleyqp@liveinternet.ru,Male,48.69.223.202
963,Golda,Newlands,gnewlandsqq@elpais.com,Female,173.88.35.95
964,Richmond,Jardine,rjardineqr@cdbaby.com,Male,14.127.50.96
965,Lula,Camin,lcaminqs@loc.gov,Female,149.100.94.74
966,Charita,Juett,cjuettqt@quantcast.com,Female,61.56.19.162
967,Adria,Littlefair,alittlefairqu@surveymonkey.com,Female,91.123.182.58
968,Odelle,Bollis,obollisqv@constantcontact.com,Female,66.101.5.246
969,Brantley,Fligg,bfliggqw@acquirethisname.com,Male,248.21.16.151
970,Lottie,Penfold,lpenfoldqx@so-net.ne.jp,Female,63.192.167.181
971,Grissel,Ferrino,gferrinoqy@liveinternet.ru,Female,69.78.51.187
972,Florinda,Simoncelli,fsimoncelliqz@hatena.ne.jp,Female,12.96.27.166
973,Kamila,Loghan,kloghanr0@weather.com,Female,170.128.133.147
974,Geordie,Bussey,gbusseyr1@omniture.com,Male,115.240.197.232
975,Staford,Dickins,sdickinsr2@miitbeian.gov.cn,Male,220.187.86.142
976,Sancho,Ainley,sainleyr3@phoca.cz,Male,32.31.219.90
977,Stefano,Stoop,sstoopr4@google.cn,Male,206.163.4.202
978,Hedvig,Symon,hsymonr5@vk.com,Female,170.89.231.87
979,Bridgette,Shedden,bsheddenr6@dedecms.com,Female,18.65.231.237
980,Michelina,Thornber,mthornberr7@hibu.com,Female,219.253.35.199
981,Rodney,Janda,rjandar8@seesaa.net,Male,160.31.115.234
982,Ugo,Coale,ucoaler9@google.pl,Male,124.231.46.98
983,Rinaldo,Humpage,rhumpagera@mac.com,Male,97.10.74.40
984,Had,McQuaker,hmcquakerrb@surveymonkey.com,Male,233.167.211.187
985,Tan,Ragate,tragaterc@cnbc.com,Male,108.213.30.199
986,Antin,McLauchlin,amclauchlinrd@histats.com,Male,11.244.253.191
987,Earle,Bannon,ebannonre@sciencedaily.com,Male,196.219.184.99
988,Rozina,Bennallck,rbennallckrf@ameblo.jp,Female,41.237.166.45
989,Martino,Oxnam,moxnamrg@dion.ne.jp,Male,72.237.33.157
990,Tybi,Gillmore,tgillmorerh@geocities.com,Female,58.249.16.94
991,Coralie,Dumsday,cdumsdayri@dailymail.co.uk,Female,145.228.175.171
992,Lianne,Hearsey,lhearseyrj@bbb.org,Female,228.235.83.196
993,Deidre,Brabant,dbrabantrk@nasa.gov,Female,12.207.246.216
994,Karney,Hendrikse,khendrikserl@princeton.edu,Male,255.217.52.115
995,Aloisia,Surcomb,asurcombrm@ucoz.com,Female,152.232.244.71
996,Wat,Worling,wworlingrn@yale.edu,Male,224.162.180.229
997,Taddeusz,Vina,tvinaro@unblog.fr,Male,179.187.248.178
998,Ambrosio,Cregan,acreganrp@fotki.com,Male,128.243.51.98
999,Tobit,MacMeekan,tmacmeekanrq@skype.com,Male,63.159.122.229
1000,Annelise,Jandera,ajanderarr@salon.com,Female,128.206.172.212
